timestamp,product_dropdown,description,product_name,benefits,key_message,gender,generation,psychotype,business_stage,industry,opf,chosen_approach,comment,model,prompt,final_prompt,sms,comment_sms,corrected_sms
1742199278.380689,кредитная СберБизнес Карта,Кредитная СберБизнес Карта. Лимит — до 1 000 000 рублей. Льготный период без начисления процентов за покупки — 120 дней. Оформление онлайн — по заявке в интернет-банке СберБизнес.,кредитная СберБизнес Карта,"Льготный период при покупках по кредитной СберБизнес Карте — 120 дней без процентов.

Бесплатное годовое обслуживание кредитной СберБизнес Карты.

Возможность устанавливать лимиты онлайн.

Кредитная СберБизнес Карта участвует в акциях банка и партнёров.",Льготный период — 120 дней без процентов и бесплатное годовое обслуживание.,Мужской,Y,,,"Телекоммуникации, медиа и ИТ-технологии",Не выбрано,Указание на пользу,SMS для данных параметров персонализации ОТСУТСТВУЕТ в базе,GPT-4o (fine-tuned),"Напиши три или четыре предложения суммарной длиной от 160 до 250 знаков с учетом пробелов. Начни SMS с указания на пользу продукта. Используй глагол в побудительном наклонении. Не начинай с вопроса. 
Напиши рекламное SMS для следующего продукта:
«Кредитная СберБизнес Карта. Лимит — до 1 000 000 рублей. Льготный период без начисления процентов за покупки — 120 дней. Оформление онлайн — по заявке в интернет-банке СберБизнес.».
Не изменяй название продукта: «кредитная СберБизнес Карта».
Преимущества:
«Льготный период при покупках по кредитной СберБизнес Карте — 120 дней без процентов.

Бесплатное годовое обслуживание кредитной СберБизнес Карты.

Возможность устанавливать лимиты онлайн.

Кредитная СберБизнес Карта участвует в акциях банка и партнёров.».
ОБЯЗАТЕЛЬНО используй в SMS один или несколько терминов, касающиеся клиента, которому направляется SMS, из КАЖДОЙ группы:
Группа 1: (достижение целей, контролировать, обеспечить, под контролем, развивать, развитие, реализация, реализовать, управление, управлять, цель, экономить, экономия).
Группа 2: (бонус, кешбэк, просто, простое, простота, скидка, эффективный).
Группа 3: (автоматизация, автоматизировать, оборудование, современный, софт, технологии, цифровизация, цифровой).
Убедись, что написал не меньше трех и не больше четырех предложений суммарной длиной от 160 до 250 знаков с учетом пробелов.
Убедись, что SMS начинается с указания на пользу продукта и использования глагола в побудительном наклонении и не начинается с вопроса.
Убедись, что УМЕСТНО использовал КАЖДЫЙ необходимый термин.
Убедись, что в SMS без изменений, синонимов и перестановок слов используется наименование продукта: «кредитная СберБизнес Карта».
Убедись, что в SMS есть следующая ключевая информация: «Льготный период — 120 дней без процентов и бесплатное годовое обслуживание.».","Напиши три или четыре предложения суммарной длиной от 160 до 250 знаков с учетом пробелов. Начни SMS с указания на пользу продукта. Используй глагол в побудительном наклонении. Не начинай с вопроса. Напиши рекламное SMS для следующего продукта:
«Кредитная СберБизнес Карта. Лимит — до 1 000 000 рублей. Льготный период без начисления процентов за покупки — 120 дней. Оформление онлайн — по заявке в интернет-банке СберБизнес.».
Не изменяй название продукта: «кредитная СберБизнес Карта».
Преимущества:
«Льготный период при покупках по кредитной СберБизнес Карте — 120 дней без процентов. Бесплатное годовое обслуживание кредитной СберБизнес Карты. Возможность устанавливать лимиты онлайн. Кредитная СберБизнес Карта участвует в акциях банка и партнёров.».
ОБЯЗАТЕЛЬНО используй в SMS один или несколько терминов, касающиеся клиента, которому направляется SMS, из КАЖДОЙ группы:
Группа 1: (достижение целей, контролировать, обеспечить, под контролем, развивать, развитие, реализация, реализовать, управление, управлять, цель, экономить, экономия).
Группа 2: (бонус, кешбэк, просто, простое, простота, скидка, эффективный).
Группа 3: (автоматизация, автоматизировать, оборудование, современный, софт, технологии, цифровизация, цифровой).
Убедись, что написал не меньше трех и не больше четырех предложений суммарной длиной от 160 до 250 знаков с учетом пробелов.
Убедись, что SMS начинается с указания на пользу продукта и использования глагола в побудительном наклонении и не начинается с вопроса.
Убедись, что УМЕСТНО использовал КАЖДЫЙ необходимый термин.
Убедись, что в SMS без изменений, синонимов и перестановок слов используется наименование продукта: «кредитная СберБизнес Карта».
Убедись, что в SMS есть следующая ключевая информация: «Льготный период — 120 дней без процентов и бесплатное годовое обслуживание.».","Развивайте бизнес с кредитной СберБизнес Картой: 120 дней без процентов и бесплатное годовое обслуживание. Простое решение для приобретения современного оборудования и технологий.

------
Количество знаков: 179",,Развивайте бизнес с кредитной СберБизнес Картой: 120 дней без процентов и бесплатное годовое обслуживание. Простое решение для приобретения современного оборудования и технологий.
1742199433.0331938,кредитная СберБизнес Карта,Кредитная СберБизнес Карта. Лимит — до 1 000 000 рублей. Льготный период без начисления процентов за покупки — 120 дней. Оформление онлайн — по заявке в интернет-банке СберБизнес.,кредитная СберБизнес Карта,"Льготный период при покупках по кредитной СберБизнес Карте — 120 дней без процентов.

Бесплатное годовое обслуживание кредитной СберБизнес Карты.

Возможность устанавливать лимиты онлайн.

Кредитная СберБизнес Карта участвует в акциях банка и партнёров.",Льготный период — 120 дней без процентов и бесплатное годовое обслуживание.,Мужской,Y,,,Розничная торговля товарами выборочного спроса,Не выбрано,Указание на пользу,SMS для данных параметров персонализации ОТСУТСТВУЕТ в базе,GPT-4o (fine-tuned),"Напиши три или четыре предложения суммарной длиной от 160 до 250 знаков с учетом пробелов. Начни SMS с указания на пользу продукта. Используй глагол в побудительном наклонении. Не начинай с вопроса. 
Напиши рекламное SMS для следующего продукта:
«Кредитная СберБизнес Карта. Лимит — до 1 000 000 рублей. Льготный период без начисления процентов за покупки — 120 дней. Оформление онлайн — по заявке в интернет-банке СберБизнес.».
Не изменяй название продукта: «кредитная СберБизнес Карта».
Преимущества:
«Льготный период при покупках по кредитной СберБизнес Карте — 120 дней без процентов.

Бесплатное годовое обслуживание кредитной СберБизнес Карты.

Возможность устанавливать лимиты онлайн.

Кредитная СберБизнес Карта участвует в акциях банка и партнёров.».
ОБЯЗАТЕЛЬНО используй в SMS один или несколько терминов, касающиеся клиента, которому направляется SMS, из КАЖДОЙ группы:
Группа 1: (достижение целей, контролировать, обеспечить, под контролем, развивать, развитие, реализация, реализовать, управление, управлять, цель, экономить, экономия).
Группа 2: (бонус, кешбэк, просто, простое, простота, скидка, эффективный).
Группа 3: (ассортимент, закупка, оптимизировать, персонал, продажа, продвижение, расходы, товары).
Убедись, что написал не меньше трех и не больше четырех предложений суммарной длиной от 160 до 250 знаков с учетом пробелов.
Убедись, что SMS начинается с указания на пользу продукта и использования глагола в побудительном наклонении и не начинается с вопроса.
Убедись, что УМЕСТНО использовал КАЖДЫЙ необходимый термин.
Убедись, что в SMS без изменений, синонимов и перестановок слов используется наименование продукта: «кредитная СберБизнес Карта».
Убедись, что в SMS есть следующая ключевая информация: «Льготный период — 120 дней без процентов и бесплатное годовое обслуживание.».","Напиши три или четыре предложения суммарной длиной от 160 до 250 знаков с учетом пробелов. Начни SMS с указания на пользу продукта. Используй глагол в побудительном наклонении. Не начинай с вопроса. Напиши рекламное SMS для следующего продукта:
«Кредитная СберБизнес Карта. Лимит — до 1 000 000 рублей. Льготный период без начисления процентов за покупки — 120 дней. Оформление онлайн — по заявке в интернет-банке СберБизнес.».
Не изменяй название продукта: «кредитная СберБизнес Карта».
Преимущества:
«Льготный период при покупках по кредитной СберБизнес Карте — 120 дней без процентов. Бесплатное годовое обслуживание кредитной СберБизнес Карты. Возможность устанавливать лимиты онлайн. Кредитная СберБизнес Карта участвует в акциях банка и партнёров.».
ОБЯЗАТЕЛЬНО используй в SMS один или несколько терминов, касающиеся клиента, которому направляется SMS, из КАЖДОЙ группы:
Группа 1: (достижение целей, контролировать, обеспечить, под контролем, развивать, развитие, реализация, реализовать, управление, управлять, цель, экономить, экономия).
Группа 2: (бонус, кешбэк, просто, простое, простота, скидка, эффективный).
Группа 3: (ассортимент, закупка, оптимизировать, персонал, продажа, продвижение, расходы, товары).
Убедись, что написал не меньше трех и не больше четырех предложений суммарной длиной от 160 до 250 знаков с учетом пробелов.
Убедись, что SMS начинается с указания на пользу продукта и использования глагола в побудительном наклонении и не начинается с вопроса.
Убедись, что УМЕСТНО использовал КАЖДЫЙ необходимый термин.
Убедись, что в SMS без изменений, синонимов и перестановок слов используется наименование продукта: «кредитная СберБизнес Карта».
Убедись, что в SMS есть следующая ключевая информация: «Льготный период — 120 дней без процентов и бесплатное годовое обслуживание.».","Управляйте закупками просто и эффективно с кредитной СберБизнес Картой! Для вас: льготный период 120 дней без процентов, бесплатное годовое обслуживание и возможность устанавливать лимиты онлайн. Реализуйте свои цели и оптимизируйте развитие бизнеса!

------
Количество знаков: 250",,"Управляйте закупками просто и эффективно с кредитной СберБизнес Картой! Для вас: льготный период 120 дней без процентов, бесплатное годовое обслуживание и возможность устанавливать лимиты онлайн."
1742199453.2326558,кредитная СберБизнес Карта,Кредитная СберБизнес Карта. Лимит — до 1 000 000 рублей. Льготный период без начисления процентов за покупки — 120 дней. Оформление онлайн — по заявке в интернет-банке СберБизнес.,кредитная СберБизнес Карта,"Льготный период при покупках по кредитной СберБизнес Карте — 120 дней без процентов.

Бесплатное годовое обслуживание кредитной СберБизнес Карты.

Возможность устанавливать лимиты онлайн.

Кредитная СберБизнес Карта участвует в акциях банка и партнёров.",Льготный период — 120 дней без процентов и бесплатное годовое обслуживание.,Мужской,Y,,,Розничная торговля товарами выборочного спроса,Не выбрано,Указание на пользу,SMS для данных параметров персонализации ОТСУТСТВУЕТ в базе,GPT-4o (fine-tuned),"Напиши три или четыре предложения суммарной длиной от 160 до 250 знаков с учетом пробелов. Начни SMS с указания на пользу продукта. Используй глагол в побудительном наклонении. Не начинай с вопроса. 
Напиши рекламное SMS для следующего продукта:
«Кредитная СберБизнес Карта. Лимит — до 1 000 000 рублей. Льготный период без начисления процентов за покупки — 120 дней. Оформление онлайн — по заявке в интернет-банке СберБизнес.».
Не изменяй название продукта: «кредитная СберБизнес Карта».
Преимущества:
«Льготный период при покупках по кредитной СберБизнес Карте — 120 дней без процентов.

Бесплатное годовое обслуживание кредитной СберБизнес Карты.

Возможность устанавливать лимиты онлайн.

Кредитная СберБизнес Карта участвует в акциях банка и партнёров.».
ОБЯЗАТЕЛЬНО используй в SMS один или несколько терминов, касающиеся клиента, которому направляется SMS, из КАЖДОЙ группы:
Группа 1: (достижение целей, контролировать, обеспечить, под контролем, развивать, развитие, реализация, реализовать, управление, управлять, цель, экономить, экономия).
Группа 2: (бонус, кешбэк, просто, простое, простота, скидка, эффективный).
Группа 3: (ассортимент, закупка, оптимизировать, персонал, продажа, продвижение, расходы, товары).
Убедись, что написал не меньше трех и не больше четырех предложений суммарной длиной от 160 до 250 знаков с учетом пробелов.
Убедись, что SMS начинается с указания на пользу продукта и использования глагола в побудительном наклонении и не начинается с вопроса.
Убедись, что УМЕСТНО использовал КАЖДЫЙ необходимый термин.
Убедись, что в SMS без изменений, синонимов и перестановок слов используется наименование продукта: «кредитная СберБизнес Карта».
Убедись, что в SMS есть следующая ключевая информация: «Льготный период — 120 дней без процентов и бесплатное годовое обслуживание.».","Напиши три или четыре предложения суммарной длиной от 160 до 250 знаков с учетом пробелов. Начни SMS с указания на пользу продукта. Используй глагол в побудительном наклонении. Не начинай с вопроса. Напиши рекламное SMS для следующего продукта:
«Кредитная СберБизнес Карта. Лимит — до 1 000 000 рублей. Льготный период без начисления процентов за покупки — 120 дней. Оформление онлайн — по заявке в интернет-банке СберБизнес.».
Не изменяй название продукта: «кредитная СберБизнес Карта».
Преимущества:
«Льготный период при покупках по кредитной СберБизнес Карте — 120 дней без процентов. Бесплатное годовое обслуживание кредитной СберБизнес Карты. Возможность устанавливать лимиты онлайн. Кредитная СберБизнес Карта участвует в акциях банка и партнёров.».
ОБЯЗАТЕЛЬНО используй в SMS один или несколько терминов, касающиеся клиента, которому направляется SMS, из КАЖДОЙ группы:
Группа 1: (достижение целей, контролировать, обеспечить, под контролем, развивать, развитие, реализация, реализовать, управление, управлять, цель, экономить, экономия).
Группа 2: (бонус, кешбэк, просто, простое, простота, скидка, эффективный).
Группа 3: (ассортимент, закупка, оптимизировать, персонал, продажа, продвижение, расходы, товары).
Убедись, что написал не меньше трех и не больше четырех предложений суммарной длиной от 160 до 250 знаков с учетом пробелов.
Убедись, что SMS начинается с указания на пользу продукта и использования глагола в побудительном наклонении и не начинается с вопроса.
Убедись, что УМЕСТНО использовал КАЖДЫЙ необходимый термин.
Убедись, что в SMS без изменений, синонимов и перестановок слов используется наименование продукта: «кредитная СберБизнес Карта».
Убедись, что в SMS есть следующая ключевая информация: «Льготный период — 120 дней без процентов и бесплатное годовое обслуживание.».","Управляйте закупками просто и эффективно с кредитной СберБизнес Картой! Для вас: льготный период 120 дней без процентов, бесплатное годовое обслуживание и возможность устанавливать лимиты онлайн. Реализуйте свои цели и оптимизируйте развитие бизнеса!

------
Количество знаков: 250",,"Управляйте закупками просто и эффективно с кредитной СберБизнес Картой! Для вас: льготный период 120 дней без процентов, бесплатное годовое обслуживание и возможность устанавливать лимиты онлайн."
1742201279.6911476,кредитная СберБизнес Карта,Кредитная СберБизнес Карта. Лимит — до 1 000 000 рублей. Льготный период без начисления процентов за покупки — 120 дней. Оформление онлайн — по заявке в интернет-банке СберБизнес.,кредитная СберБизнес Карта,"Льготный период при покупках по кредитной СберБизнес Карте — 120 дней без процентов.

Бесплатное годовое обслуживание кредитной СберБизнес Карты.

Возможность устанавливать лимиты онлайн.

Кредитная СберБизнес Карта участвует в акциях банка и партнёров.",Льготный период — 120 дней без процентов и бесплатное годовое обслуживание.,Мужской,Y,,,Транспорт и логистика,Не выбрано,Указание на пользу,SMS для данных параметров персонализации ОТСУТСТВУЕТ в базе,GPT-4o (fine-tuned),"Напиши три или четыре предложения суммарной длиной от 160 до 250 знаков с учетом пробелов. Начни SMS с указания на пользу продукта. Используй глагол в побудительном наклонении. Не начинай с вопроса. 
Напиши рекламное SMS для следующего продукта:
«Кредитная СберБизнес Карта. Лимит — до 1 000 000 рублей. Льготный период без начисления процентов за покупки — 120 дней. Оформление онлайн — по заявке в интернет-банке СберБизнес.».
Не изменяй название продукта: «кредитная СберБизнес Карта».
Преимущества:
«Льготный период при покупках по кредитной СберБизнес Карте — 120 дней без процентов.

Бесплатное годовое обслуживание кредитной СберБизнес Карты.

Возможность устанавливать лимиты онлайн.

Кредитная СберБизнес Карта участвует в акциях банка и партнёров.».
ОБЯЗАТЕЛЬНО используй в SMS один или несколько терминов, касающиеся клиента, которому направляется SMS, из КАЖДОЙ группы:
Группа 1: (достижение целей, контролировать, обеспечить, под контролем, развивать, развитие, реализация, реализовать, управление, управлять, цель, экономить, экономия).
Группа 2: (бонус, кешбэк, просто, простое, простота, скидка, эффективный).
Группа 3: (автопарк, водители, грузоперевозки, логистика, транспорт, транспортный, цепочка поставок).
Убедись, что написал не меньше трех и не больше четырех предложений суммарной длиной от 160 до 250 знаков с учетом пробелов.
Убедись, что SMS начинается с указания на пользу продукта и использования глагола в побудительном наклонении и не начинается с вопроса.
Убедись, что УМЕСТНО использовал КАЖДЫЙ необходимый термин.
Убедись, что в SMS без изменений, синонимов и перестановок слов используется наименование продукта: «кредитная СберБизнес Карта».
Убедись, что в SMS есть следующая ключевая информация: «Льготный период — 120 дней без процентов и бесплатное годовое обслуживание.».","Напиши три или четыре предложения суммарной длиной от 160 до 250 знаков с учетом пробелов. Начни SMS с указания на пользу продукта. Используй глагол в побудительном наклонении. Не начинай с вопроса. Напиши рекламное SMS для следующего продукта:
«Кредитная СберБизнес Карта. Лимит — до 1 000 000 рублей. Льготный период без начисления процентов за покупки — 120 дней. Оформление онлайн — по заявке в интернет-банке СберБизнес.».
Не изменяй название продукта: «кредитная СберБизнес Карта».
Преимущества:
«Льготный период при покупках по кредитной СберБизнес Карте — 120 дней без процентов. Бесплатное годовое обслуживание кредитной СберБизнес Карты. Возможность устанавливать лимиты онлайн. Кредитная СберБизнес Карта участвует в акциях банка и партнёров.».
ОБЯЗАТЕЛЬНО используй в SMS один или несколько терминов, касающиеся клиента, которому направляется SMS, из КАЖДОЙ группы:
Группа 1: (достижение целей, контролировать, обеспечить, под контролем, развивать, развитие, реализация, реализовать, управление, управлять, цель, экономить, экономия).
Группа 2: (бонус, кешбэк, просто, простое, простота, скидка, эффективный).
Группа 3: (автопарк, водители, грузоперевозки, логистика, транспорт, транспортный, цепочка поставок).
Убедись, что написал не меньше трех и не больше четырех предложений суммарной длиной от 160 до 250 знаков с учетом пробелов.
Убедись, что SMS начинается с указания на пользу продукта и использования глагола в побудительном наклонении и не начинается с вопроса.
Убедись, что УМЕСТНО использовал КАЖДЫЙ необходимый термин.
Убедись, что в SMS без изменений, синонимов и перестановок слов используется наименование продукта: «кредитная СберБизнес Карта».
Убедись, что в SMS есть следующая ключевая информация: «Льготный период — 120 дней без процентов и бесплатное годовое обслуживание.».","Оптимизируйте расходы на транспорт и развивайте бизнес с кредитной СберБизнес Картой! Льготный период — 120 дней без процентов, бесплатное годовое обслуживание и возможность управлять лимитами онлайн.

------
Количество знаков: 200",,"Оптимизируйте расходы и развивайте транспортный бизнес с кредитной СберБизнес Картой эффективно! Льготный период — 120 дней без процентов, бесплатное годовое обслуживание и возможность управлять лимитами онлайн."
1742201471.9062262,кредитная СберБизнес Карта,Кредитная СберБизнес Карта. Лимит — до 1 000 000 рублей. Льготный период без начисления процентов за покупки — 120 дней. Оформление онлайн — по заявке в интернет-банке СберБизнес.,кредитная СберБизнес Карта,"Льготный период при покупках по кредитной СберБизнес Карте — 120 дней без процентов.

Бесплатное годовое обслуживание кредитной СберБизнес Карты.

Возможность устанавливать лимиты онлайн.

Кредитная СберБизнес Карта участвует в акциях банка и партнёров.",Льготный период — 120 дней без процентов и бесплатное годовое обслуживание.,Мужской,Y,,,Транспорт и логистика,Не выбрано,Указание на пользу,SMS для данных параметров персонализации ОТСУТСТВУЕТ в базе,GPT-4o (fine-tuned),"Напиши три или четыре предложения суммарной длиной от 160 до 250 знаков с учетом пробелов. Начни SMS с указания на пользу продукта. Используй глагол в побудительном наклонении. Не начинай с вопроса. 
Напиши рекламное SMS для следующего продукта:
«Кредитная СберБизнес Карта. Лимит — до 1 000 000 рублей. Льготный период без начисления процентов за покупки — 120 дней. Оформление онлайн — по заявке в интернет-банке СберБизнес.».
Не изменяй название продукта: «кредитная СберБизнес Карта».
Преимущества:
«Льготный период при покупках по кредитной СберБизнес Карте — 120 дней без процентов.

Бесплатное годовое обслуживание кредитной СберБизнес Карты.

Возможность устанавливать лимиты онлайн.

Кредитная СберБизнес Карта участвует в акциях банка и партнёров.».
ОБЯЗАТЕЛЬНО используй в SMS один или несколько терминов, касающиеся клиента, которому направляется SMS, из КАЖДОЙ группы:
Группа 1: (достижение целей, контролировать, обеспечить, под контролем, развивать, развитие, реализация, реализовать, управление, управлять, цель, экономить, экономия).
Группа 2: (бонус, кешбэк, просто, простое, простота, скидка, эффективный).
Группа 3: (автопарк, водители, грузоперевозки, логистика, транспорт, транспортный, цепочка поставок).
Убедись, что написал не меньше трех и не больше четырех предложений суммарной длиной от 160 до 250 знаков с учетом пробелов.
Убедись, что SMS начинается с указания на пользу продукта и использования глагола в побудительном наклонении и не начинается с вопроса.
Убедись, что УМЕСТНО использовал КАЖДЫЙ необходимый термин.
Убедись, что в SMS без изменений, синонимов и перестановок слов используется наименование продукта: «кредитная СберБизнес Карта».
Убедись, что в SMS есть следующая ключевая информация: «Льготный период — 120 дней без процентов и бесплатное годовое обслуживание.».","Напиши три или четыре предложения суммарной длиной от 160 до 250 знаков с учетом пробелов. Начни SMS с указания на пользу продукта. Используй глагол в побудительном наклонении. Не начинай с вопроса. Напиши рекламное SMS для следующего продукта:
«Кредитная СберБизнес Карта. Лимит — до 1 000 000 рублей. Льготный период без начисления процентов за покупки — 120 дней. Оформление онлайн — по заявке в интернет-банке СберБизнес.».
Не изменяй название продукта: «кредитная СберБизнес Карта».
Преимущества:
«Льготный период при покупках по кредитной СберБизнес Карте — 120 дней без процентов. Бесплатное годовое обслуживание кредитной СберБизнес Карты. Возможность устанавливать лимиты онлайн. Кредитная СберБизнес Карта участвует в акциях банка и партнёров.».
ОБЯЗАТЕЛЬНО используй в SMS один или несколько терминов, касающиеся клиента, которому направляется SMS, из КАЖДОЙ группы:
Группа 1: (достижение целей, контролировать, обеспечить, под контролем, развивать, развитие, реализация, реализовать, управление, управлять, цель, экономить, экономия).
Группа 2: (бонус, кешбэк, просто, простое, простота, скидка, эффективный).
Группа 3: (автопарк, водители, грузоперевозки, логистика, транспорт, транспортный, цепочка поставок).
Убедись, что написал не меньше трех и не больше четырех предложений суммарной длиной от 160 до 250 знаков с учетом пробелов.
Убедись, что SMS начинается с указания на пользу продукта и использования глагола в побудительном наклонении и не начинается с вопроса.
Убедись, что УМЕСТНО использовал КАЖДЫЙ необходимый термин.
Убедись, что в SMS без изменений, синонимов и перестановок слов используется наименование продукта: «кредитная СберБизнес Карта».
Убедись, что в SMS есть следующая ключевая информация: «Льготный период — 120 дней без процентов и бесплатное годовое обслуживание.».","Оптимизируйте расходы на транспорт и развивайте бизнес с кредитной СберБизнес Картой! Льготный период — 120 дней без процентов, бесплатное годовое обслуживание и возможность управлять лимитами онлайн.

------
Количество знаков: 200",,"Оптимизируйте расходы и развивайте транспортный бизнес с кредитной СберБизнес Картой эффективно! Льготный период — 120 дней без процентов, бесплатное годовое обслуживание и возможность управлять лимитами онлайн."
1742202222.2325654,кредитная СберБизнес Карта,Кредитная СберБизнес Карта. Лимит — до 1 000 000 рублей. Льготный период без начисления процентов за покупки — 120 дней. Оформление онлайн — по заявке в интернет-банке СберБизнес.,кредитная СберБизнес Карта,"Льготный период при покупках по кредитной СберБизнес Карте — 120 дней без процентов.

Бесплатное годовое обслуживание кредитной СберБизнес Карты.

Возможность устанавливать лимиты онлайн.

Кредитная СберБизнес Карта участвует в акциях банка и партнёров.",Льготный период — 120 дней без процентов и бесплатное годовое обслуживание.,Мужской,Z,,,Не выбрано,Не выбрано,"Указание на пользу, Призыв к действию",SMS для данных параметров персонализации ОТСУТСТВУЕТ в базе,GPT-4o (fine-tuned),"Напиши три или четыре предложения суммарной длиной от 160 до 250 знаков с учетом пробелов. Начни SMS с указания на пользу продукта. Используй глагол в побудительном наклонении. Не начинай с вопроса / Начни SMS с призыва к действию с продуктом. Не начинай с вопроса. 
ОБЯЗАТЕЛЬНО обратись в SMS на ты, употребив глаголы в единственном числе. Напиши рекламное SMS для следующего продукта:
«Кредитная СберБизнес Карта. Лимит — до 1 000 000 рублей. Льготный период без начисления процентов за покупки — 120 дней. Оформление онлайн — по заявке в интернет-банке СберБизнес.».
Не изменяй название продукта: «кредитная СберБизнес Карта».
Преимущества:
«Льготный период при покупках по кредитной СберБизнес Карте — 120 дней без процентов.

Бесплатное годовое обслуживание кредитной СберБизнес Карты.

Возможность устанавливать лимиты онлайн.

Кредитная СберБизнес Карта участвует в акциях банка и партнёров.».
ОБЯЗАТЕЛЬНО используй в SMS один или несколько терминов, касающиеся клиента, которому направляется SMS, из КАЖДОЙ группы:
Группа 1: (достижение целей, контролировать, обеспечить, под контролем, развивать, развитие, реализация, реализовать, управление, управлять, цель, экономить, экономия).
Группа 2: (быстро, возможности, легко, новый, просто, простота, упростить).
Убедись, что написал не меньше трех и не больше четырех предложений суммарной длиной от 160 до 250 знаков с учетом пробелов.
Убедись, что SMS начинается с указания на пользу продукта и использования глагола в побудительном наклонении и не начинается с вопроса / Убедись, что готовый текст начинается с призыва к действию с продуктом и не начинается с вопроса.
Убедись, что УМЕСТНО использовал КАЖДЫЙ необходимый термин.
Убедись, что обратился в SMS на ты, употребив глаголы в единственном числе. Убедись, что в SMS без изменений, синонимов и перестановок слов используется наименование продукта: «кредитная СберБизнес Карта».
Убедись, что в SMS есть следующая ключевая информация: «Льготный период — 120 дней без процентов и бесплатное годовое обслуживание.».","Напиши три или четыре предложения суммарной длиной от 160 до 250 знаков с учетом пробелов. Начни SMS с указания на пользу продукта. Используй глагол в побудительном наклонении. Не начинай с вопроса. ОБЯЗАТЕЛЬНО обратись в SMS на ты, употребив глаголы в единственном числе. Напиши рекламное SMS для следующего продукта:
«Кредитная СберБизнес Карта. Лимит — до 1 000 000 рублей. Льготный период без начисления процентов за покупки — 120 дней. Оформление онлайн — по заявке в интернет-банке СберБизнес.».
Не изменяй название продукта: «кредитная СберБизнес Карта».
Преимущества:
«Льготный период при покупках по кредитной СберБизнес Карте — 120 дней без процентов. Бесплатное годовое обслуживание кредитной СберБизнес Карты. Возможность устанавливать лимиты онлайн. Кредитная СберБизнес Карта участвует в акциях банка и партнёров.».
ОБЯЗАТЕЛЬНО используй в SMS один или несколько терминов, касающиеся клиента, которому направляется SMS, из КАЖДОЙ группы:
Группа 1: (достижение целей, контролировать, обеспечить, под контролем, развивать, развитие, реализация, реализовать, управление, управлять, цель, экономить, экономия).
Группа 2: (быстро, возможности, легко, новый, просто, простота, упростить).
Убедись, что написал не меньше трех и не больше четырех предложений суммарной длиной от 160 до 250 знаков с учетом пробелов.
Убедись, что SMS начинается с указания на пользу продукта и использования глагола в побудительном наклонении и не начинается с вопроса.
Убедись, что УМЕСТНО использовал КАЖДЫЙ необходимый термин.
Убедись, что обратился в SMS на ты, употребив глаголы в единственном числе. Убедись, что в SMS без изменений, синонимов и перестановок слов используется наименование продукта: «кредитная СберБизнес Карта».
Убедись, что в SMS есть следующая ключевая информация: «Льготный период — 120 дней без процентов и бесплатное годовое обслуживание.».","Оформляй кредитную СберБизнес Карту и управляй финансами легко! Льготный период — 120 дней без процентов, возможность устанавливать лимиты онлайн, а ещё бесплатное годовое обслуживание.

------
Количество знаков: 185",,"Оформляй кредитную СберБизнес Карту и управляй финансами легко! Льготный период — 120 дней без процентов, возможность устанавливать лимиты онлайн, а ещё бесплатное годовое обслуживание."
1742371059.3669217,кредитная СберБизнес Карта,Кредитная СберБизнес Карта. Лимит — до 1 000 000 рублей. Льготный период без начисления процентов за покупки — 120 дней. Оформление онлайн — по заявке в интернет-банке СберБизнес.,кредитная СберБизнес Карта,"Льготный период при покупках по кредитной СберБизнес Карте — 120 дней без процентов.

Бесплатное годовое обслуживание кредитной СберБизнес Карты.

Возможность устанавливать лимиты онлайн.

Кредитная СберБизнес Карта участвует в акциях банка и партнёров.",Льготный период — 120 дней без процентов и бесплатное годовое обслуживание.,Мужской,Z,,,Не выбрано,ИП,"Указание на пользу, Призыв к действию",SMS для данных параметров персонализации ОТСУТСТВУЕТ в базе,GigaChat-2-Max,"Напиши три или четыре предложения суммарной длиной от 160 до 250 знаков с учетом пробелов. Начни SMS с указания на пользу продукта. Используй глагол в побудительном наклонении. Не начинай с вопроса / Начни SMS с призыва к действию с продуктом. Не начинай с вопроса. 
ОБЯЗАТЕЛЬНО обратись в SMS на ты, употребив глаголы в единственном числе. Напиши рекламное SMS для следующего продукта:
«Кредитная СберБизнес Карта. Лимит — до 1 000 000 рублей. Льготный период без начисления процентов за покупки — 120 дней. Оформление онлайн — по заявке в интернет-банке СберБизнес.».
Не изменяй название продукта: «кредитная СберБизнес Карта».
Преимущества:
«Льготный период при покупках по кредитной СберБизнес Карте — 120 дней без процентов.

Бесплатное годовое обслуживание кредитной СберБизнес Карты.

Возможность устанавливать лимиты онлайн.

Кредитная СберБизнес Карта участвует в акциях банка и партнёров.».
ОБЯЗАТЕЛЬНО используй в SMS один или несколько терминов, касающиеся клиента, которому направляется SMS, из КАЖДОЙ группы:
Группа 1: (достижение целей, контролировать, обеспечить, под контролем, развивать, развитие, реализация, реализовать, управление, управлять, цель, экономить, экономия).
Группа 2: (быстро, возможности, легко, новый, просто, простота, упростить).
Группа 3: (бизнес-расчёты, командировка, самозанятые, экономить).
Пример использования терминов (ниже лишь примеры выражений, не добавляй в SMS то, чего нет в реальном описании продукта): достижение целей; контролируйте операции; под контролем; разивайте бизнес; развитие бизнеса; реализуйте цели; управление расходами; управлять расходами; экономьте время; быстро и удобно; новые возможности; легко и быстро; всё просто; наслаждайтесь простотой расчётов; упростите расчёты; командировки более выгодными и комфортными; рассчитываться с самозанятыми. Эти примеры — просто образцы того, как можно органично включить термины. Не упоминай того, что не отражено в описании продукта.
Убедись, что написал не меньше трех и не больше четырех предложений суммарной длиной от 160 до 250 знаков с учетом пробелов.
Убедись, что SMS начинается с указания на пользу продукта и использования глагола в побудительном наклонении и не начинается с вопроса / Убедись, что готовый текст начинается с призыва к действию с продуктом и не начинается с вопроса.
Убедись, что УМЕСТНО использовал КАЖДЫЙ необходимый термин.
Убедись, что обратился в SMS на ты, употребив глаголы в единственном числе. Убедись, что в SMS без изменений, синонимов и перестановок слов используется наименование продукта: «кредитная СберБизнес Карта».
Убедись, что в SMS есть следующая ключевая информация: «Льготный период — 120 дней без процентов и бесплатное годовое обслуживание.».","Напиши три или четыре предложения суммарной длиной от 160 до 250 знаков с учетом пробелов. Начни SMS с указания на пользу продукта. Используй глагол в побудительном наклонении. Не начинай с вопроса. ОБЯЗАТЕЛЬНО обратись в SMS на ты, употребив глаголы в единственном числе. Напиши рекламное SMS для следующего продукта:
«Кредитная СберБизнес Карта. Лимит — до 1 000 000 рублей. Льготный период без начисления процентов за покупки — 120 дней. Оформление онлайн — по заявке в интернет-банке СберБизнес.».
Не изменяй название продукта: «кредитная СберБизнес Карта».
Преимущества:
«Льготный период при покупках по кредитной СберБизнес Карте — 120 дней без процентов. Бесплатное годовое обслуживание кредитной СберБизнес Карты. Возможность устанавливать лимиты онлайн. Кредитная СберБизнес Карта участвует в акциях банка и партнёров.».
ОБЯЗАТЕЛЬНО используй в SMS один или несколько терминов, касающиеся клиента, которому направляется SMS, из КАЖДОЙ группы:
Группа 1: (достижение целей, контролировать, обеспечить, под контролем, развивать, развитие, реализация, реализовать, управление, управлять, цель, экономить, экономия).
Группа 2: (быстро, возможности, легко, новый, просто, простота, упростить).
Группа 3: (бизнес-расчёты, командировка, самозанятые, экономить).
Пример использования терминов (ниже лишь примеры выражений, не добавляй в SMS то, чего нет в реальном описании продукта): достижение целей; контролируйте операции; под контролем; разивайте бизнес; развитие бизнеса; реализуйте цели; управление расходами; управлять расходами; экономьте время; быстро и удобно; новые возможности; легко и быстро; всё просто; наслаждайтесь простотой расчётов; упростите расчёты; командировки более выгодными и комфортными; рассчитываться с самозанятыми. Эти примеры — просто образцы того, как можно органично включить термины. Не упоминай того, что не отражено в описании продукта.
Убедись, что написал не меньше трех и не больше четырех предложений суммарной длиной от 160 до 250 знаков с учетом пробелов.
Убедись, что SMS начинается с указания на пользу продукта и использования глагола в побудительном наклонении и не начинается с вопроса.
Убедись, что УМЕСТНО использовал КАЖДЫЙ необходимый термин.
Убедись, что обратился в SMS на ты, употребив глаголы в единственном числе. Убедись, что в SMS без изменений, синонимов и перестановок слов используется наименование продукта: «кредитная СберБизнес Карта».
Убедись, что в SMS есть следующая ключевая информация: «Льготный период — 120 дней без процентов и бесплатное годовое обслуживание.».","Управляй финансами своего бизнеса легко! Получи кредитную СберБизнес Карту с льготным периодом 120 дней без процентов и бесплатным годовым обслуживанием. Контролируй расходы и достигай целей быстрее. Оформление доступно онлайн.

------
Количество знаков: 227",Никакое,Оформи кредитную СберБизнес Карту с льготным периодом 120 дней без процентов и бесплатным годовым обслуживанием. Управляй бизнес-расчётами легко и достигай целей быстрее.
1742371792.4089344,кредитная СберБизнес Карта,Кредитная СберБизнес Карта. Лимит — до 1 000 000 рублей. Льготный период без начисления процентов за покупки — 120 дней. Оформление онлайн — по заявке в интернет-банке СберБизнес.,кредитная СберБизнес Карта,"Льготный период при покупках по кредитной СберБизнес Карте — 120 дней без процентов.

Бесплатное годовое обслуживание кредитной СберБизнес Карты.

Возможность устанавливать лимиты онлайн.

Кредитная СберБизнес Карта участвует в акциях банка и партнёров.",Льготный период — 120 дней без процентов и бесплатное годовое обслуживание.,Мужской,Z,,,Не выбрано,ООО,"Указание на пользу, Призыв к действию",SMS для данных параметров персонализации ОТСУТСТВУЕТ в базе,GigaChat-2-Max,"Напиши три или четыре предложения суммарной длиной от 160 до 250 знаков с учетом пробелов. Начни SMS с указания на пользу продукта. Используй глагол в побудительном наклонении. Не начинай с вопроса / Начни SMS с призыва к действию с продуктом. Не начинай с вопроса. 
ОБЯЗАТЕЛЬНО обратись в SMS на ты, употребив глаголы в единственном числе. Напиши рекламное SMS для следующего продукта:
«Кредитная СберБизнес Карта. Лимит — до 1 000 000 рублей. Льготный период без начисления процентов за покупки — 120 дней. Оформление онлайн — по заявке в интернет-банке СберБизнес.».
Не изменяй название продукта: «кредитная СберБизнес Карта».
Преимущества:
«Льготный период при покупках по кредитной СберБизнес Карте — 120 дней без процентов.

Бесплатное годовое обслуживание кредитной СберБизнес Карты.

Возможность устанавливать лимиты онлайн.

Кредитная СберБизнес Карта участвует в акциях банка и партнёров.».
ОБЯЗАТЕЛЬНО используй в SMS один или несколько терминов, касающиеся клиента, которому направляется SMS, из КАЖДОЙ группы:
Группа 1: (достижение целей, контролировать, обеспечить, под контролем, развивать, развитие, реализация, реализовать, управление, управлять, цель, экономить, экономия).
Группа 2: (быстро, возможности, легко, новый, просто, простота, упростить).
Группа 3: (команда, компания, корпоративный, сотрудники, управление, штат, управлять).
Пример использования терминов (ниже лишь примеры выражений, не добавляй в SMS то, чего нет в реальном описании продукта): достижение целей; контролируйте операции; под контролем; разивайте бизнес; развитие бизнеса; реализуйте цели; управление расходами; управлять расходами; экономьте время; быстро и удобно; новые возможности; легко и быстро; всё просто; наслаждайтесь простотой расчётов; упростите расчёты; расходы команды; расходы компании; корпоративные задачи; расплачивайтесь с сотрудниками. Эти примеры — просто образцы того, как можно органично включить термины. Не упоминай того, что не отражено в описании продукта.
Убедись, что написал не меньше трех и не больше четырех предложений суммарной длиной от 160 до 250 знаков с учетом пробелов.
Убедись, что SMS начинается с указания на пользу продукта и использования глагола в побудительном наклонении и не начинается с вопроса / Убедись, что готовый текст начинается с призыва к действию с продуктом и не начинается с вопроса.
Убедись, что УМЕСТНО использовал КАЖДЫЙ необходимый термин.
Убедись, что обратился в SMS на ты, употребив глаголы в единственном числе. Убедись, что в SMS без изменений, синонимов и перестановок слов используется наименование продукта: «кредитная СберБизнес Карта».
Убедись, что в SMS есть следующая ключевая информация: «Льготный период — 120 дней без процентов и бесплатное годовое обслуживание.».","Напиши три или четыре предложения суммарной длиной от 160 до 250 знаков с учетом пробелов. Начни SMS с призыва к действию с продуктом. Не начинай с вопроса. ОБЯЗАТЕЛЬНО обратись в SMS на ты, употребив глаголы в единственном числе. Напиши рекламное SMS для следующего продукта:
«Кредитная СберБизнес Карта. Лимит — до 1 000 000 рублей. Льготный период без начисления процентов за покупки — 120 дней. Оформление онлайн — по заявке в интернет-банке СберБизнес.».
Не изменяй название продукта: «кредитная СберБизнес Карта».
Преимущества:
«Льготный период при покупках по кредитной СберБизнес Карте — 120 дней без процентов. Бесплатное годовое обслуживание кредитной СберБизнес Карты. Возможность устанавливать лимиты онлайн. Кредитная СберБизнес Карта участвует в акциях банка и партнёров.».
ОБЯЗАТЕЛЬНО используй в SMS один или несколько терминов, касающиеся клиента, которому направляется SMS, из КАЖДОЙ группы:
Группа 1: (достижение целей, контролировать, обеспечить, под контролем, развивать, развитие, реализация, реализовать, управление, управлять, цель, экономить, экономия).
Группа 2: (быстро, возможности, легко, новый, просто, простота, упростить).
Группа 3: (команда, компания, корпоративный, сотрудники, управление, штат, управлять).
Пример использования терминов (ниже лишь примеры выражений, не добавляй в SMS то, чего нет в реальном описании продукта): достижение целей; контролируйте операции; под контролем; разивайте бизнес; развитие бизнеса; реализуйте цели; управление расходами; управлять расходами; экономьте время; быстро и удобно; новые возможности; легко и быстро; всё просто; наслаждайтесь простотой расчётов; упростите расчёты; расходы команды; расходы компании; корпоративные задачи; расплачивайтесь с сотрудниками. Эти примеры — просто образцы того, как можно органично включить термины. Не упоминай того, что не отражено в описании продукта.
Убедись, что написал не меньше трех и не больше четырех предложений суммарной длиной от 160 до 250 знаков с учетом пробелов. Убедись, что готовый текст начинается с призыва к действию с продуктом и не начинается с вопроса.
Убедись, что УМЕСТНО использовал КАЖДЫЙ необходимый термин.
Убедись, что обратился в SMS на ты, употребив глаголы в единственном числе. Убедись, что в SMS без изменений, синонимов и перестановок слов используется наименование продукта: «кредитная СберБизнес Карта».
Убедись, что в SMS есть следующая ключевая информация: «Льготный период — 120 дней без процентов и бесплатное годовое обслуживание.».","Оформи кредитную СберБизнес Карту и управляй финансами своей компании легко! Льготный период — 120 дней без процентов, а годовое обслуживание бесплатно. Экономь ресурсы и развивай бизнес с новыми возможностями!

------
Количество знаков: 210",,"Оформи кредитную СберБизнес Карту и управляй финансами своей компании легко! Льготный период — 120 дней без процентов, а годовое обслуживание бесплатно. "
1742378113.1589751,кредитная СберБизнес Карта,Кредитная СберБизнес Карта. Лимит — до 1 000 000 рублей. Льготный период без начисления процентов за покупки — 120 дней. Оформление онлайн — по заявке в интернет-банке СберБизнес.,кредитная СберБизнес Карта,"Льготный период при покупках по кредитной СберБизнес Карте — 120 дней без процентов.

Бесплатное годовое обслуживание кредитной СберБизнес Карты.

Возможность устанавливать лимиты онлайн.

Кредитная СберБизнес Карта участвует в акциях банка и партнёров.",Льготный период — 120 дней без процентов и бесплатное годовое обслуживание.,Мужской,Z,,,Услуги,Не выбрано,"Указание на пользу, Призыв к действию",SMS для данных параметров персонализации ОТСУТСТВУЕТ в базе,GigaChat-2-Max,"Напиши три или четыре предложения суммарной длиной от 160 до 250 знаков с учетом пробелов. Начни SMS с указания на пользу продукта. Используй глагол в побудительном наклонении. Не начинай с вопроса / Начни SMS с призыва к действию с продуктом. Не начинай с вопроса. 
ОБЯЗАТЕЛЬНО обратись в SMS на ты, употребив глаголы в единственном числе. Напиши рекламное SMS для следующего продукта:
«Кредитная СберБизнес Карта. Лимит — до 1 000 000 рублей. Льготный период без начисления процентов за покупки — 120 дней. Оформление онлайн — по заявке в интернет-банке СберБизнес.».
Не изменяй название продукта: «кредитная СберБизнес Карта».
Преимущества:
«Льготный период при покупках по кредитной СберБизнес Карте — 120 дней без процентов.

Бесплатное годовое обслуживание кредитной СберБизнес Карты.

Возможность устанавливать лимиты онлайн.

Кредитная СберБизнес Карта участвует в акциях банка и партнёров.».
ОБЯЗАТЕЛЬНО используй в SMS один или несколько терминов, касающиеся клиента, которому направляется SMS, из КАЖДОЙ группы:
Группа 1: (достижение целей, контролировать, обеспечить, под контролем, развивать, развитие, реализация, реализовать, управление, управлять, цель, экономить, экономия).
Группа 2: (быстро, возможности, легко, новый, просто, простота, упростить).
Группа 3: (качество, клиенты, обслуживание, персонал, расчёты, сервис, упростить).
Пример использования терминов (ниже лишь примеры выражений, не добавляй в SMS то, чего нет в реальном описании продукта): достижение целей; контролируйте операции; под контролем; разивайте бизнес; развитие бизнеса; реализуйте цели; управление расходами; управлять расходами; экономьте время; быстро и удобно; новые возможности; легко и быстро; всё просто; наслаждайтесь простотой расчётов; упростите расчёты; привлекай клиентов; качство обслуживания; выплаты персоналу; расчёты с персоналом; качество сервиса. Эти примеры — просто образцы того, как можно органично включить термины. Не упоминай того, что не отражено в описании продукта.
Убедись, что написал не меньше трех и не больше четырех предложений суммарной длиной от 160 до 250 знаков с учетом пробелов.
Убедись, что SMS начинается с указания на пользу продукта и использования глагола в побудительном наклонении и не начинается с вопроса / Убедись, что готовый текст начинается с призыва к действию с продуктом и не начинается с вопроса.
Убедись, что УМЕСТНО использовал КАЖДЫЙ необходимый термин.
Убедись, что обратился в SMS на ты, употребив глаголы в единственном числе. Убедись, что в SMS без изменений, синонимов и перестановок слов используется наименование продукта: «кредитная СберБизнес Карта».
Убедись, что в SMS есть следующая ключевая информация: «Льготный период — 120 дней без процентов и бесплатное годовое обслуживание.».","Напиши три или четыре предложения суммарной длиной от 160 до 250 знаков с учетом пробелов. Начни SMS с призыва к действию с продуктом. Не начинай с вопроса. ОБЯЗАТЕЛЬНО обратись в SMS на ты, употребив глаголы в единственном числе. Напиши рекламное SMS для следующего продукта:
«Кредитная СберБизнес Карта. Лимит — до 1 000 000 рублей. Льготный период без начисления процентов за покупки — 120 дней. Оформление онлайн — по заявке в интернет-банке СберБизнес.».
Не изменяй название продукта: «кредитная СберБизнес Карта».
Преимущества:
«Льготный период при покупках по кредитной СберБизнес Карте — 120 дней без процентов. Бесплатное годовое обслуживание кредитной СберБизнес Карты. Возможность устанавливать лимиты онлайн. Кредитная СберБизнес Карта участвует в акциях банка и партнёров.».
ОБЯЗАТЕЛЬНО используй в SMS один или несколько терминов, касающиеся клиента, которому направляется SMS, из КАЖДОЙ группы:
Группа 1: (достижение целей, контролировать, обеспечить, под контролем, развивать, развитие, реализация, реализовать, управление, управлять, цель, экономить, экономия).
Группа 2: (быстро, возможности, легко, новый, просто, простота, упростить).
Группа 3: (качество, клиенты, обслуживание, персонал, расчёты, сервис, упростить).
Пример использования терминов (ниже лишь примеры выражений, не добавляй в SMS то, чего нет в реальном описании продукта): достижение целей; контролируйте операции; под контролем; разивайте бизнес; развитие бизнеса; реализуйте цели; управление расходами; управлять расходами; экономьте время; быстро и удобно; новые возможности; легко и быстро; всё просто; наслаждайтесь простотой расчётов; упростите расчёты; привлекай клиентов; качство обслуживания; выплаты персоналу; расчёты с персоналом; качество сервиса. Эти примеры — просто образцы того, как можно органично включить термины. Не упоминай того, что не отражено в описании продукта.
Убедись, что написал не меньше трех и не больше четырех предложений суммарной длиной от 160 до 250 знаков с учетом пробелов. Убедись, что готовый текст начинается с призыва к действию с продуктом и не начинается с вопроса.
Убедись, что УМЕСТНО использовал КАЖДЫЙ необходимый термин.
Убедись, что обратился в SMS на ты, употребив глаголы в единственном числе. Убедись, что в SMS без изменений, синонимов и перестановок слов используется наименование продукта: «кредитная СберБизнес Карта».
Убедись, что в SMS есть следующая ключевая информация: «Льготный период — 120 дней без процентов и бесплатное годовое обслуживание.».","Оформи кредитную СберБизнес Карту и управляй финансами своего бизнеса легко! Льготный период — 120 дней без процентов и бесплатное годовое обслуживание позволят тебе достичь целей быстрее. Контролируй расходы и устанавливай лимиты онлайн.

------
Количество знаков: 238",Никакое,Оформи кредитную СберБизнес Карту и развивай сервис и персонал легко! Льготный период — 120 дней без процентов и бесплатное годовое обслуживание позволят тебе достичь целей быстрее. 
1742388279.4579968,кредитная СберБизнес Карта,Кредитная СберБизнес Карта. Лимит — до 1 000 000 рублей. Льготный период без начисления процентов за покупки — 120 дней. Оформление онлайн — по заявке в интернет-банке СберБизнес.,кредитная СберБизнес Карта,"Льготный период при покупках по кредитной СберБизнес Карте — 120 дней без процентов.

Бесплатное годовое обслуживание кредитной СберБизнес Карты.

Возможность устанавливать лимиты онлайн.

Кредитная СберБизнес Карта участвует в акциях банка и партнёров.",Льготный период — 120 дней без процентов и бесплатное годовое обслуживание.,Мужской,Z,,,"Телекоммуникации, медиа и ИТ-технологии",Не выбрано,"Указание на пользу, Призыв к действию",SMS для данных параметров персонализации ОТСУТСТВУЕТ в базе,GigaChat-2-Max,"Напиши три или четыре предложения суммарной длиной от 160 до 250 знаков с учетом пробелов. Начни SMS с указания на пользу продукта. Используй глагол в побудительном наклонении. Не начинай с вопроса / Начни SMS с призыва к действию с продуктом. Не начинай с вопроса. 
ОБЯЗАТЕЛЬНО обратись в SMS на ты, употребив глаголы в единственном числе. Напиши рекламное SMS для следующего продукта:
«Кредитная СберБизнес Карта. Лимит — до 1 000 000 рублей. Льготный период без начисления процентов за покупки — 120 дней. Оформление онлайн — по заявке в интернет-банке СберБизнес.».
Не изменяй название продукта: «кредитная СберБизнес Карта».
Преимущества:
«Льготный период при покупках по кредитной СберБизнес Карте — 120 дней без процентов.

Бесплатное годовое обслуживание кредитной СберБизнес Карты.

Возможность устанавливать лимиты онлайн.

Кредитная СберБизнес Карта участвует в акциях банка и партнёров.».
ОБЯЗАТЕЛЬНО используй в SMS один или несколько терминов, касающиеся клиента, которому направляется SMS, из КАЖДОЙ группы:
Группа 1: (достижение целей, контролировать, обеспечить, под контролем, развивать, развитие, реализация, реализовать, управление, управлять, цель, экономить, экономия).
Группа 2: (быстро, возможности, легко, новый, просто, простота, упростить).
Группа 3: (автоматизация, автоматизировать, оборудование, современный, софт, технологии, цифровизация, цифровой).
Пример использования терминов (ниже лишь примеры выражений, не добавляй в SMS то, чего нет в реальном описании продукта): достижение целей; контролируйте операции; под контролем; разивайте бизнес; развитие бизнеса; реализуйте цели; управление расходами; управлять расходами; экономьте время; быстро и удобно; новые возможности; легко и быстро; всё просто; наслаждайтесь простотой расчётов; упростите расчёты; современное оборудование; современное решение; современные технологии; цифровой бизнес. Эти примеры — просто образцы того, как можно органично включить термины. Не упоминай того, что не отражено в описании продукта.
Убедись, что написал не меньше трех и не больше четырех предложений суммарной длиной от 160 до 250 знаков с учетом пробелов.
Убедись, что SMS начинается с указания на пользу продукта и использования глагола в побудительном наклонении и не начинается с вопроса / Убедись, что готовый текст начинается с призыва к действию с продуктом и не начинается с вопроса.
Убедись, что УМЕСТНО использовал КАЖДЫЙ необходимый термин.
Убедись, что обратился в SMS на ты, употребив глаголы в единственном числе. Убедись, что в SMS без изменений, синонимов и перестановок слов используется наименование продукта: «кредитная СберБизнес Карта».
Убедись, что в SMS есть следующая ключевая информация: «Льготный период — 120 дней без процентов и бесплатное годовое обслуживание.».",,"Достигай целей быстрее с кредитной СберБизнес Картой! Пользуйся льготным периодом в 120 дней без процентов и бесплатным годовым обслуживанием. Контролируй расходы и управляй лимитами онлайн — всё просто и современно.

------
Количество знаков: 216",,"Достигай целей быстрее с кредитной СберБизнес Картой! Пользуйся льготным периодом в 120 дней без процентов и бесплатным годовым обслуживанием, а ещё контролируй расходы на автоматизацию и новые технологии онлайн."
1742389470.7374518,кредитная СберБизнес Карта,Кредитная СберБизнес Карта. Лимит — до 1 000 000 рублей. Льготный период без начисления процентов за покупки — 120 дней. Оформление онлайн — по заявке в интернет-банке СберБизнес.,кредитная СберБизнес Карта,"Льготный период при покупках по кредитной СберБизнес Карте — 120 дней без процентов.

Бесплатное годовое обслуживание кредитной СберБизнес Карты.

Возможность устанавливать лимиты онлайн.

Кредитная СберБизнес Карта участвует в акциях банка и партнёров.",Льготный период — 120 дней без процентов и бесплатное годовое обслуживание.,Мужской,Z,,,Розничная торговля товарами выборочного спроса,Не выбрано,"Указание на пользу, Призыв к действию",SMS для данных параметров персонализации ОТСУТСТВУЕТ в базе,GigaChat-1-Max,"Напиши три или четыре предложения суммарной длиной от 160 до 250 знаков с учетом пробелов. Начни SMS с указания на пользу продукта. Используй глагол в побудительном наклонении. Не начинай с вопроса / Начни SMS с призыва к действию с продуктом. Не начинай с вопроса. 
ОБЯЗАТЕЛЬНО обратись в SMS на ты, употребив глаголы в единственном числе. Напиши рекламное SMS для следующего продукта:
«Кредитная СберБизнес Карта. Лимит — до 1 000 000 рублей. Льготный период без начисления процентов за покупки — 120 дней. Оформление онлайн — по заявке в интернет-банке СберБизнес.».
Не изменяй название продукта: «кредитная СберБизнес Карта».
Преимущества:
«Льготный период при покупках по кредитной СберБизнес Карте — 120 дней без процентов.

Бесплатное годовое обслуживание кредитной СберБизнес Карты.

Возможность устанавливать лимиты онлайн.

Кредитная СберБизнес Карта участвует в акциях банка и партнёров.».
ОБЯЗАТЕЛЬНО используй в SMS один или несколько терминов, касающиеся клиента, которому направляется SMS, из КАЖДОЙ группы:
Группа 1: (достижение целей, контролировать, обеспечить, под контролем, развивать, развитие, реализация, реализовать, управление, управлять, цель, экономить, экономия).
Группа 2: (быстро, возможности, легко, новый, просто, простота, упростить).
Группа 3: (ассортимент, закупка, оптимизировать, персонал, продажа, продвижение, расходы, товары).
Убедись, что написал не меньше трех и не больше четырех предложений суммарной длиной от 160 до 250 знаков с учетом пробелов.
Убедись, что SMS начинается с указания на пользу продукта и использования глагола в побудительном наклонении и не начинается с вопроса / Убедись, что готовый текст начинается с призыва к действию с продуктом и не начинается с вопроса.
Убедись, что УМЕСТНО использовал КАЖДЫЙ необходимый термин.
Убедись, что обратился в SMS на ты, употребив глаголы в единственном числе. Убедись, что в SMS без изменений, синонимов и перестановок слов используется наименование продукта: «кредитная СберБизнес Карта».
Убедись, что в SMS есть следующая ключевая информация: «Льготный период — 120 дней без процентов и бесплатное годовое обслуживание.».","Напиши три или четыре предложения суммарной длиной от 160 до 250 знаков с учетом пробелов. Начни SMS с призыва к действию с продуктом. Не начинай с вопроса. ОБЯЗАТЕЛЬНО обратись в SMS на ты, употребив глаголы в единственном числе. Напиши рекламное SMS для следующего продукта:
«Кредитная СберБизнес Карта. Лимит — до 1 000 000 рублей. Льготный период без начисления процентов за покупки — 120 дней. Оформление онлайн — по заявке в интернет-банке СберБизнес.».
Не изменяй название продукта: «кредитная СберБизнес Карта».
Преимущества:
«Льготный период при покупках по кредитной СберБизнес Карте — 120 дней без процентов. Бесплатное годовое обслуживание кредитной СберБизнес Карты. Возможность устанавливать лимиты онлайн. Кредитная СберБизнес Карта участвует в акциях банка и партнёров.».
ОБЯЗАТЕЛЬНО используй в SMS один или несколько терминов, касающиеся клиента, которому направляется SMS, из КАЖДОЙ группы:
Группа 1: (достижение целей, контролировать, обеспечить, под контролем, развивать, развитие, реализация, реализовать, управление, управлять, цель, экономить, экономия).
Группа 2: (быстро, возможности, легко, новый, просто, простота, упростить).
Группа 3: (ассортимент, закупка, оптимизировать, персонал, продажа, продвижение, расходы, товары).
Убедись, что написал не меньше трех и не больше четырех предложений суммарной длиной от 160 до 250 знаков с учетом пробелов. Убедись, что готовый текст начинается с призыва к действию с продуктом и не начинается с вопроса.
Убедись, что УМЕСТНО использовал КАЖДЫЙ необходимый термин.
Убедись, что обратился в SMS на ты, употребив глаголы в единственном числе. Убедись, что в SMS без изменений, синонимов и перестановок слов используется наименование продукта: «кредитная СберБизнес Карта».
Убедись, что в SMS есть следующая ключевая информация: «Льготный период — 120 дней без процентов и бесплатное годовое обслуживание.».","Оформляй кредитную СберБизнес Карту и развивай бизнес быстрее! Льготный период — 120 дней без процентов и бесплатное годовое обслуживание помогут тебе контролировать расходы и проще управлять закупками.

------
Количество знаков: 202",,"Оформи кредитную СберБизнес Карту и развивай бизнес быстрее! Льготный период — 120 дней без процентов и бесплатное годовое обслуживание, а ещё возможность контролировать расходы и управлять закупками онлайн."
1742390204.9995892,кредитная СберБизнес Карта,Кредитная СберБизнес Карта. Лимит — до 1 000 000 рублей. Льготный период без начисления процентов за покупки — 120 дней. Оформление онлайн — по заявке в интернет-банке СберБизнес.,кредитная СберБизнес Карта,"Льготный период при покупках по кредитной СберБизнес Карте — 120 дней без процентов.

Бесплатное годовое обслуживание кредитной СберБизнес Карты.

Возможность устанавливать лимиты онлайн.

Кредитная СберБизнес Карта участвует в акциях банка и партнёров.",Льготный период — 120 дней без процентов и бесплатное годовое обслуживание.,Мужской,Z,,,Транспорт и логистика,Не выбрано,"Указание на пользу, Призыв к действию",SMS для данных параметров персонализации ОТСУТСТВУЕТ в базе,GigaChat-2-Max,"Напиши три или четыре предложения суммарной длиной от 160 до 250 знаков с учетом пробелов. Начни SMS с указания на пользу продукта. Используй глагол в побудительном наклонении. Не начинай с вопроса / Начни SMS с призыва к действию с продуктом. Не начинай с вопроса. 
ОБЯЗАТЕЛЬНО обратись в SMS на ты, употребив глаголы в единственном числе. Напиши рекламное SMS для следующего продукта:
«Кредитная СберБизнес Карта. Лимит — до 1 000 000 рублей. Льготный период без начисления процентов за покупки — 120 дней. Оформление онлайн — по заявке в интернет-банке СберБизнес.».
Не изменяй название продукта: «кредитная СберБизнес Карта».
Преимущества:
«Льготный период при покупках по кредитной СберБизнес Карте — 120 дней без процентов.

Бесплатное годовое обслуживание кредитной СберБизнес Карты.

Возможность устанавливать лимиты онлайн.

Кредитная СберБизнес Карта участвует в акциях банка и партнёров.».
ОБЯЗАТЕЛЬНО используй в SMS один или несколько терминов, касающиеся клиента, которому направляется SMS, из КАЖДОЙ группы:
Группа 1: (достижение целей, контролировать, обеспечить, под контролем, развивать, развитие, реализация, реализовать, управление, управлять, цель, экономить, экономия).
Группа 2: (быстро, возможности, легко, новый, просто, простота, упростить).
Группа 3: (автопарк, водители, грузоперевозки, логистика, транспорт, транспортный, цепочка поставок).
Пример использования терминов (ниже лишь примеры выражений, не добавляй в SMS то, чего нет в реальном описании продукта): достижение целей; контролируйте операции; под контролем; разивайте бизнес; развитие бизнеса; реализуйте цели; управление расходами; управлять расходами; экономьте время; быстро и удобно; новые возможности; легко и быстро; всё просто; наслаждайтесь простотой расчётов; упростите расчёты; расширяйте автопарк; выплаты водителям; расходы на транспорт и логистику; транспортный бизнес; цепочка поставок. Эти примеры — просто образцы того, как можно органично включить термины. Не упоминай того, что не отражено в описании продукта.
Убедись, что написал не меньше трех и не больше четырех предложений суммарной длиной от 160 до 250 знаков с учетом пробелов.
Убедись, что SMS начинается с указания на пользу продукта и использования глагола в побудительном наклонении и не начинается с вопроса / Убедись, что готовый текст начинается с призыва к действию с продуктом и не начинается с вопроса.
Убедись, что УМЕСТНО использовал КАЖДЫЙ необходимый термин.
Убедись, что обратился в SMS на ты, употребив глаголы в единственном числе. Убедись, что в SMS без изменений, синонимов и перестановок слов используется наименование продукта: «кредитная СберБизнес Карта».
Убедись, что в SMS есть следующая ключевая информация: «Льготный период — 120 дней без процентов и бесплатное годовое обслуживание.».","Напиши три или четыре предложения суммарной длиной от 160 до 250 знаков с учетом пробелов. Начни SMS с призыва к действию с продуктом. Не начинай с вопроса. ОБЯЗАТЕЛЬНО обратись в SMS на ты, употребив глаголы в единственном числе. Напиши рекламное SMS для следующего продукта:
«Кредитная СберБизнес Карта. Лимит — до 1 000 000 рублей. Льготный период без начисления процентов за покупки — 120 дней. Оформление онлайн — по заявке в интернет-банке СберБизнес.».
Не изменяй название продукта: «кредитная СберБизнес Карта».
Преимущества:
«Льготный период при покупках по кредитной СберБизнес Карте — 120 дней без процентов. Бесплатное годовое обслуживание кредитной СберБизнес Карты. Возможность устанавливать лимиты онлайн. Кредитная СберБизнес Карта участвует в акциях банка и партнёров.».
ОБЯЗАТЕЛЬНО используй в SMS один или несколько терминов, касающиеся клиента, которому направляется SMS, из КАЖДОЙ группы:
Группа 1: (достижение целей, контролировать, обеспечить, под контролем, развивать, развитие, реализация, реализовать, управление, управлять, цель, экономить, экономия).
Группа 2: (быстро, возможности, легко, новый, просто, простота, упростить).
Группа 3: (автопарк, водители, грузоперевозки, логистика, транспорт, транспортный, цепочка поставок).
Пример использования терминов (ниже лишь примеры выражений, не добавляй в SMS то, чего нет в реальном описании продукта): достижение целей; контролируйте операции; под контролем; разивайте бизнес; развитие бизнеса; реализуйте цели; управление расходами; управлять расходами; экономьте время; быстро и удобно; новые возможности; легко и быстро; всё просто; наслаждайтесь простотой расчётов; упростите расчёты; расширяйте автопарк; выплаты водителям; расходы на транспорт и логистику; транспортный бизнес; цепочка поставок. Эти примеры — просто образцы того, как можно органично включить термины. Не упоминай того, что не отражено в описании продукта.
Убедись, что написал не меньше трех и не больше четырех предложений суммарной длиной от 160 до 250 знаков с учетом пробелов. Убедись, что готовый текст начинается с призыва к действию с продуктом и не начинается с вопроса.
Убедись, что УМЕСТНО использовал КАЖДЫЙ необходимый термин.
Убедись, что обратился в SMS на ты, употребив глаголы в единственном числе. Убедись, что в SMS без изменений, синонимов и перестановок слов используется наименование продукта: «кредитная СберБизнес Карта».
Убедись, что в SMS есть следующая ключевая информация: «Льготный период — 120 дней без процентов и бесплатное годовое обслуживание.».","Оформи кредитную СберБизнес Карту и управляй финансами своего транспортного бизнеса легко! Льготный период — 120 дней без процентов, а годовое обслуживание бесплатно. Контролируй расходы и развивай логистические цепочки с удобством.

------
Количество знаков: 232",,"Оформи кредитную СберБизнес Карту и управляй финансами своего транспортного бизнеса легко! Льготный период — 120 дней без процентов, годовое обслуживание бесплатно и возможность устанавливать лимиты онлайн."
1742396066.7930837,кредитная СберБизнес Карта,Кредитная СберБизнес Карта. Лимит — до 1 000 000 рублей. Льготный период без начисления процентов за покупки — 120 дней. Оформление онлайн — по заявке в интернет-банке СберБизнес.,кредитная СберБизнес Карта,"Льготный период при покупках по кредитной СберБизнес Карте — 120 дней без процентов.

Бесплатное годовое обслуживание кредитной СберБизнес Карты.

Возможность устанавливать лимиты онлайн.

Кредитная СберБизнес Карта участвует в акциях банка и партнёров.",Льготный период — 120 дней без процентов и бесплатное годовое обслуживание.,Женский,Не выбрано,,,Не выбрано,Не выбрано,Вопрос,SMS для данных параметров персонализации ОТСУТСТВУЕТ в базе,GigaChat-2-Max,"Напиши три или четыре предложения суммарной длиной от 160 до 250 знаков с учетом пробелов. Начни сообщение с вопроса, который указывает на пользу продукта для клиента. 
Напиши рекламное SMS для следующего продукта:
«Кредитная СберБизнес Карта. Лимит — до 1 000 000 рублей. Льготный период без начисления процентов за покупки — 120 дней. Оформление онлайн — по заявке в интернет-банке СберБизнес.».
Не изменяй название продукта: «кредитная СберБизнес Карта».
Преимущества:
«Льготный период при покупках по кредитной СберБизнес Карте — 120 дней без процентов.

Бесплатное годовое обслуживание кредитной СберБизнес Карты.

Возможность устанавливать лимиты онлайн.

Кредитная СберБизнес Карта участвует в акциях банка и партнёров.».
ОБЯЗАТЕЛЬНО используй в SMS один или несколько терминов, касающиеся клиента, которому направляется SMS, из КАЖДОЙ группы:
Группа 1: (вдохновляйтесь, комфорт, комфортный, наслаждаться, новые возможности, откройте возможности, оценить, представь).
Пример использования терминов (ниже лишь примеры выражений, не добавляй в SMS то, чего нет в реальном описании продукта): с выгодой и комфортом; комфортный способ; наслаждайтесь возможностями; новые возможности; откройте возможности; оцените удобство. Эти примеры — просто образцы того, как можно органично включить термины. Не упоминай того, что не отражено в описании продукта.
Убедись, что написал не меньше трех и не больше четырех предложений суммарной длиной от 160 до 250 знаков с учетом пробелов.
Убедись, что готовый текст начинается с вопроса, который указывает на пользу продукта для клиента.
Убедись, что УМЕСТНО использовал КАЖДЫЙ необходимый термин.
Убедись, что в SMS без изменений, синонимов и перестановок слов используется наименование продукта: «кредитная СберБизнес Карта».
Убедись, что в SMS есть следующая ключевая информация: «Льготный период — 120 дней без процентов и бесплатное годовое обслуживание.».",,"Хотите открыть новые возможности для своего бизнеса? Оцените преимущества кредитной СберБизнес Карты! Льготный период до 120 дней без процентов и бесплатное годовое обслуживание позволят вам комфортно управлять финансами.

------
Количество знаков: 221",,"Хотите открыть новые возможности для своего бизнеса? Оцените преимущества кредитной СберБизнес Карты: льготный период до 120 дней без процентов, бесплатное годовое обслуживание и управление лимитами онлайн."
